<?xml version="1.0" encoding="UTF-8" standalone="yes"?>
<addon id="plugin.video.goldscreen" name="Gold Screen" version="1.0.0" provider-name="Harveyboy83">
  <requires>
    <import addon="xbmc.python" version="2.1.0"/>
	<import addon="repository.xbmc-israel" />
  </requires>
  <extension point="xbmc.python.pluginsource" library="default.py">
        <provides>video</provides>
  </extension>
  <extension point="xbmc.addon.metadata">
    <summary lang="en">Gold Screen, The ultimate kodi addon. </summary>
    <description lang="en">Gold Screen, just for you</description>
    <platform>all</platform>
  </extension>
</addon>
